{"cameraMode":{"drawMode":0,"name":"Shaded","section":"Shading Mode"},"sceneLighting":true,"audioPlay":false,"sceneViewState":{"m_AlwaysRefresh":false,"showFog":true,"showSkybox":true,"showFlares":true,"showImageEffects":true,"showParticleSystems":true,"showVisualEffectGraphs":true,"m_FxEnabled":true},"in2DMode":false,"pivot":{"x":2.4700002670288088,"y":3.688474655151367,"z":0.7877182960510254},"rotation":{"x":0.0915495902299881,"y":-0.40706539154052737,"z":0.04104840010404587,"w":0.9078723788261414},"size":9.597331047058106,"orthographic":true}